photo_file_name,missing_id
34b1f35a-b3f8-45fc-af01-9a2c2502783c-WIN_20180724_21_17_07_Pro.jpg,1
62ad60a2-aa61-4094-8849-f111a82d6d70-WIN_20180724_21_17_07_Pro.jpg,2
2f37ee7f-93b2-4166-81eb-f2fee099da0d-WIN_20180724_21_17_07_Pro.jpg,3
28fd9056-dfff-4f6b-887a-bdccb8094cd1-WIN_20180724_21_17_07_Pro.jpg,4
77a977b0-e4d4-459d-86e2-1bc42d47033c-WIN_20180724_21_17_07_Pro.jpg,6
356dc391-90e0-4f2a-af91-dcab7330b089-20191027_113129.jpg,7
703281c7-96b0-433c-9581-5943368cfa80-20191027_113129.jpg,8
57c6b72d-7826-4126-b628-a91640471c59-20190408_153037.jpg,9
48034b83-35e8-46db-89e9-6c96fe1e685c-1photo.jpg,10
d9250018-762c-4124-9024-0317a9451176-1photo.jpg,11
e51ae9b9-79b1-495d-b5c7-875a4a0c172f-25-003024_1photo.png,12
e7331ba6-1f39-4eef-a5e2-ef6bcc9f45ab-25-003135_1photo.jpg,13
8716b2f7-015e-40db-aba4-d6f3659d1860-25-003187_1photo.jpg,15
24dda63c-a62b-40f3-a547-696c6ad8210e-25-003024_1photo.png,16
5bc0b394-f942-4c23-81e9-4c06a7871bdc-25-003135_1photo.jpg,17




























